gsCustomersID,CompanyName,FirstName,MiddleName,LastName,Email,Street,Street2,City,State,Zipcode,County,International
1,The Magazine Manager,Tech,,Support,techsupport@magazinemanager.com,1401 East Broward Blvd,Suite 206,Fort Lauderdale,FL,33301test,Broward,
11,The Magazine Manager,Patty,,Beck,pbeck@magazinemanager.com,,,,,,,
12,Progressive Farms,Gera,,Shelby,,,,,,,,
13,True Black Coffee,Abhishek,,B,mtayyab@mirabeltechnologies.com,,,,,,,
14,images,tayyab,,,mtayyab@mirabeltechnologies.com,,,,,,,
15,Mirabel Technologies - 7th,Tayyab,,M,mtayyab@mirabeltechnologies.com,,,,,,,
16,Portal link test,Tessting,,Laura,mtayyab@mirabeltechnologies.com,21 E. Beaver Ridge Ave.Bartlett,,Bartlett,IL,60103,Kirloskar,
17,PR company,James,,Bijji,bshivani@mirabeltechnologies.com,21 E. Beaver Ridge Ave.Bartlett,,Bartlett,IL,60103,Cook,
18,Billing cycle,tayyab,,test 2,mtayyab@mirabeltechnologies.com,,,,,,,
19,,sdasd,,,asdsss@gmail.com,,,,,,,
20,Digital test,zxc,,zxz,asda@gmial.com,,,,,,,
21,Digital test,zxc,,zxz,asda@gmial.com,,,,,,,
22,Digital test,zxc,,zxz,asda@gmial.com,,,,,,,
23,Digital test,zxc,,zxz,asda@gmial.com,,,,,,,
24,Digital test,zxc,,zxz,asda@gmial.com,,,,,,,
25,Digital test,zxc,,zxz,asda@gmial.com,,,,,,,
26,Digital test,zxc,,zxz,asda@gmial.com,,,,,,,
27,Digital test,zxc,,zxz,asda@gmial.com,,,,,,,
28,Digital test,zxc,,zxz,asda@gmial.com,,,,,,,
29,Digital test,zxc,,zxz,asda@gmial.com,,,,,,,
30,Digital test,zxc,,zxz,asda@gmial.com,,,,,,,
31,Digital test,zxc,,zxz,asda@gmial.com,,,,,,,
32,Lewis Inc,Henry,,Lewis,jessqa400@outlook.com,,,,,,,
33,Digital test,zxc,,zxz,asda@gmial.com,,,,,,,
34,Digital test,zxc,,zxz,asda@gmial.com,,,,,,,
35,Digital test,zxc,,zxz,asda@gmial.com,,,,,,,
36,Digital test,zxc,,zxz,asda@gmial.com,,,,,,,
37,Digital test,zxc,,zxz,asda@gmial.com,,,,,,,
39,,tttrrr,,,eerr@gmail.com,,,,,,,
40,,asdad,,,erer@gmail.com,,,,,,,
41,,askd,,,erre@gmail.com,,,,,,,
42,,a,,,arar@gmail.com,,,,,,,
43,,asd,,,rara@gmail.com,,,,,,,
44,,Test234,,,test234@outlookdonotuse.com,,,,,,,
45,Bulb Enterprises,James,,Jane,dssd@gmail.com,,,,,,,
46,,asd,,,ssdd@gmail.com,,,,,,,
47,,Shelby,,G,shelbyq210@outlook.com,,,,,,,
48,Aryan Co.,Aryan,,Co.,bshivani@mirabeltechnologies.com,87 USA,,NYC,NY,30330,,United States
49,Max Company,Jeena,,K,Silver@outlook.com,,,,,,,
50,,test,,,test@ok2.com,,,,,,,
51,,test,,,test@oklp.com,,,,,,,
52,,test,,,,,,,,,,
53,,test,,,test@ok4.com,,,,,,,
54,,test,,,test@ok5.com,,,,,,,
55,,test,,,test@ok6.com,,,,,,,
56,,TEST,,,test@ok7.com,,,,,,,
57,,test,,,test@ok8.com,,,,,,,
58,,test,,,test@ok9.com,,,,,,,
59,,test,,,test@ok10.com,,,,,,,
60,,TEST,,,TES@OK11.COM,,,,,,,
61,,test,,,test@ok12.com,,,,,,,
62,,test,,,test@ok13.com,,,,,,,
63,,test,,,test@ok14.com,,,,,,,
64,,test,,,test@ok17.com,,,,,,,
65,,test,,,test@ok18.com,,,,,,,
66,Dua Date,tayyab,,,mtayyab@mirabeltechnologies.com,,,,,,,
68,Mehek R,Jain,,S,Rupa@outlook.com,,,,,5678,,
69,,Garry,,S,shiv1@outlook.com,,,,,,,
70,,test,,,dattugvs@ok18.com,,,,,,countyyyy-1,
71,,gifter testt,,hligfitu,test@ok19.com,123,,Alexandria,AR,41001,countyyyy-3,
72,,Shelby,,Gera,shiv3@outlook.com,,,,,,,
73,,Shelby,,G,shelbi1@outlook.com,,,,,,,
74,Mirabel,Rubhan,,C,cjrubhan@mirabeltechnologies.com,,,,,,,
75,,Roger,,Federer,shiv5@outlook.com,,,,,,,
76,,Ronald,,D,shelbi2@outlook.com,,,,,,,
77,,Shelby,,S,jess1@outlook.com,,,,,,,
78,Lukes Inc,Luke,,James,shelbi7@outlook.com,,,,,,,
79,,Jane,,Dior,shelbi8@outlook.com,,,,,,,
80,,Ariana,,G,shelbi11@outlook.com,,,,,,,
81,,Shelby,,Gera,shelby12@outlook.com,,,,,,,
82,,Tina,,B,shelbi13@outlook.com,,,,,,,
83,,Shiro,,S,shelbi18@outlook.com,,,,,,,
84,,dd,,,dd@gmail.com,,,,,,,
85,,Tina,,B,tina1@outlook.com,,,,,,,
86,,Shelby,,Gera,shelbi21@outlook.com,,,,,,,
87,,James,,C,shelbi20@outlook.com,,,,,,,
88,,Shelby,,Gera,gshelby@mirabeltechnologies.com,,,,,,,
89,,zx,,,zx@gmail.com,,,,,,,
90,Bulb Enterprises1,Gerry,,S,shelbi29@outlook.com,,,,,,,
91,,trr,,,trr@gmail.com,,,,,,,
92,,thy,,,thy@gmail.com,,,,,,,
93,,Jakob,,F,shelbi30@outlook.com,,,,,,,
94,,Heney,,S,shelbi31@outlook.com,,,,,,,
95,,Henry,,Albert,shelbi33@outlook.com,,,,,,,
96,Mehak Perc,Zoya,,K,Sdpt@outlook.com,,,,,678,,
97,Test Contact,Shelby,,G,gamit@mirabeltchnologies.com,,,,,,,
98,Sherlock Inc,Sherlock,,S,shelby9010@outlook.com,,,,,,,
99,Feature 1,tayyab,,,mtayyab@mirabeltechnologies.com,,,,,,,
100,W Company,Alan,,chara,alan1@outlook.com,,,,,,,
101,,magen,,charapa,magen12@outlook.com,,,,,,,
102,,nj,,,nj@gmail.com,,,,,,,
103,,import 1,,q,import12@outlook.com,,,,,,,
104,,mba,,,nba@gmail.com,,,,,,,
105,,dfsd,,,sdas@gmail.com,,,,,,,
106,,bna,,,bna@gmail.com,,,,,,,
107,,zoho,,comp,ledeme9097@downlor.com,,,,,,,
108,,Sam,,Son,habigaw184@fanicle.com,,,,,,,
109,,qaw,,,qaw@gmail.com,,,,,,,
110,,llk,,,llk@gmail.com,,,,,,,
111,Test Company,Shivani,,B,bshivani@mirabeltechnologies.com,,,,,,,
112,,cvb,,,cvb@gmail.com,,,,,,,
113,,shiva12,,,shiva12@outlook.com,,,,,,,
114,,penny,,l,penny1@outlook.com,,,,,,,
115,,wolotize,,,wolo1@outlook.com,,,,,,,
116,Tina B,Tina,,B,tinas@outlook.com,,,,,,,
117,Mirabel 28th,Tayyab,,,mtayyab@mirabeltechnologies.com,,,,,,,
118,Subscription Non price,Sana,,Jain,bshivani@mirabeltechnologies.com,,,,,,,
119,Goa,tayyab,,mohammed,mtayyab@mirabeltechnologies.com,,,,,,,
120,Testing 1 and 2,Tayyab,,,mtayyab@mirabeltechnologies.com,,,,,,,
121,Quantity Check,Celina,,M,bshivani@mirabeltechnologies.com,,,,,,,
122,,Henry,,James,rm100@outlook.com,,,,,,,
123,,qads,,,qasw@gmail.com,,,,,,,
124,,sheldon,,,sheldon1@outlook.com,,,,,,,
125,,rajj,,,raj1@outlook.com,,,,,,,
126,,asdas,,,tg@gmail.com,,,,,,,
127,League of Legends,Garen,,Demacia,DONT_USE_garen@gmail.com,,,,,,,
128,,sfdsd,,,ert@gmail.com,,,,,,,
129,Disney Comp,Suvanka,,Joy,bshivani@mirabeltechnologies.com,,,,,,,
130,Nolan Comp,Jonas,,K,bshivani@mirabeltechnologies.com,,,,,,,
131,Datta Test,test,,test,test@Okipl.com,,,,,,,
132,DATTA AD IMAGE,Datta AD IMAGE,,TEST,test@okllm.com,,,,,,,
133,Datta - 3 Ad Image,Test Datta,,Test,TEST@OKIPOM.COM,,,,,,,
134,,sda,,,aqs@gmail.com,,,,,,,
135,,azd,,,azd@gmail.com,,,,,,,
136,,sada,,,lo@gmail.com,,,,,,,
138,,Mean,,S,rmspj1@outlook.com,,,,,,,
139,League of legends,Ekko,,,dont_use_ekko@meteredtest.com,,,,,,,
140,,Karen,,P,rmsp200@outlook.com,,,,,,,
141,,nasd,,,bhn@gmail.com,,,,,,,
142,05/02,Garry,,Kristen,rmsp201@outlook.com,,,,,,,
143,,Gera,,,rmsp203@outlook.com,,,,,,,
144,Root,Jeena,,k,Mango9@outlook.com,,,,,,,
145,,ncna,,,nbh@gmail.com,,,,,,,
146,,dsfjsd,,,lp@gmail.com,,,,,,,
147,,fsdk,,,fg@gmail.com,,,,,,,
148,,jdskf,,,azx@gmail.com,,,,,,,
149,,Jakob,,,jfenger@magazinemanager.com,,,,,,,
150,,sads,,,ax@gmail.com,,,,,,,
151,,asdas,,,hnb@gmail.com,,,,,,,
152,,asds,,,esd@gmail.com,,,,,,,
153,,ads,,,qas@gmail.com,,,,,,,
154,,sdfsd,,,lkp@gmail.com,,,,,,,
155,,sda,,,yu@gmail.com,,,,,,,
156,,sdfs,,,qsd@gmail.com,,,,,,,
157,,test,,,,,,,,,,
158,,dsaa,,,bnm@gmail.com,,,,,,,
159,AB-17-02-2025,Abhishek,,Bhadauria,babhisheksingh@mirabeltechnologies.com,,,,,,,
160,***HV DIGI,HV,,Digi,halva@magazinemanager.com,Sesamie321,,Fort Lauderdale,FL,33315,Broward,
161,,Karen,,M,spr1@outlook.com,,,,,,,
162,,Kristen,,Maria,spr2@outlook.com,,,,,,,
163,,Shelby,,G,mtayyab@outlook.com,,,,,,,
164,,Sridher,,,test@usaaaaa.ccdas,,,,,,,American Samoa
165,,Maria,,James,spr10@outlook.com,,,,,,,
166,,Maria,,James,sprs10@outlook.com,,,,,,,
167,Existing MSCP,Logan,,Thomas,shm1@outlook.com,123,Alaska,Alaska,AL,02818,,United States
168,,mtayyab,,,mtayyab1@outlook.com,,,,,,,
169,,bshivani,,,bshivani1@outlook.com,,,,,,,
170,,tayyab,,,mtayyab2@outlook.com,,,,,,,
171,,tayyab,,,mtayyab3@outlook.com,,,,,,,
172,,mmtayyab,,,mtayyab4@outlook.com,,,,,,,
173,,tayyab123,,,,,,,,,,
174,Create Invoice media,Rebecca,,as,akarthik@mirabeltechnologies.com,,,,,,,
175,,Pavan,,G,pavan1@outlook.com,,,,,,,
176,,test,,,test32@outlook.com,,,,,,,
177,,Paavan,,,pavan2@outlook.com,,,,,,,
178,,Abhi,,,babhi@outlook.com,,,,,,,
179,,Henry,,J,spr13@outlook.com,,,,,,,
180,,Bhada 12,,,bhada12@outlook.com,,,,,,,
181,,bhada 23,,,bhada23@outlook.com,,,,,,,
182,,Shivani,,S,spr15@outlook.com,,,,,,,
183,,bhada43,,,bhada43@outlook.com,,,,,,,
184,test,test,,test,test@rdf.com,test,test,test,AR,123457,test,Canada
185,Ramani's Company,Ramanie,,Bijji,spr16@outlook.com,,,,,,,
186,guest cName,test,,guest lname,gvdsdattatreyasarma@mirabeltechnologies.com,817 Gilbert Ridge Rd,,Alexandria,AK,,,United States
187,Steve Edwards,Steve,,Edwards,spr17@outlook.com,,,,,,,
188,,test 142,,,test142@outlook.com,,,,,,,
189,,Steve,,Owens,spr18@outlook.com,,,,,,,
190,AR Media - MM,Rebecca,,a,akarthik@mirabeltechnologies.com,,,,,,,
191,Writing Media,Rebecca,,SA,apavan@mirabeltechnologies.com,23124,,Schenectady,NY,12303,Schenectady,United States
192,Writing Media 2nd,Jennifer,,s,apavan@mirabeltechnologies.com,,,,,,,
193,Create Invoice - Retry,Rebecca,,s,dnaveen@mirabeltechnologies.com,,,,,,,
194,Writings Inc,naveen,,naveen,dnaveen@mirabeltechnologies.com,,,,,,,
195,Datta - Copies 3,datta,,test,gvdsdattatreyasarma@mirabeltechnologies.com,,,,,,,
196,,Garry,,News,adf@outlook.com,,,,,,,
197,,Garry,,S,asdf@outlook.com,,,,,,,
198,annex,tayyab,,,bshivani@mirabeltechnologies.com,,,,,,,
199,,Garry,,S,asdf1@outlook.com,,,,,,,
200,,Gerry,,S,qaz@outlook.com,,,,,,,
201,,QA,,,edc@outlook.com,,,,,,,
202,,Garry,,S,tgb@outlook.com,,,,,,,
203,,Jioa,,,ujm@outlook.com,,,,,,,
204,,She,,,ujm1@outlook.com,,,,,,,
205,Annex Forms,tayyab,,,mtayyab@mirabeltechnologies.com,,,,,,,
206,,Shelby,,S,poi@outlook.com,,,,,,,
207,Annex @ T,Tayyab,,,mtayyab@mirabeltechnologies.com,,,,,,,
208,24th Annex@T,tayyab,,,mtayyab@mirabeltechnologies.com,,,,,,,
209,,Garry,,S,sprt1@outlook.com,,,,,,,
210,JP Group - PP,Rebecca,,s,apavan@mirabeltechnologies.com,,,,,,,
211,AR_Primary_Billing_A,Vasu,,Pns,pvasudha@mirabeltechnologies.com,,,,,,,
212,Garry Mate Subscriptions,James,,Hardly,shelby@mirabeltechnologies.com,,,,,,,
213,,shivani,,,shivani12@outloook.com,,,,,,,
214,AR_Primary_Billing_Sub,Pavan,,A,apavan@mirabeltechnologies.com,,,,,,,
215,AR_Agency_Primary_Billing_A,Karthik,,A,apavan@mirabeltechnologies.com,,,,,,,
216,AR_Agency_Sub_Billing_A,Shelby,,G,shelby@mirabeltechnologies.com,,,,,,,
217,AR_Mail_Schedule_Primary_A,Vasu,,Pns,pvasudha@mirabeltechnologies.com,,,,,,,
218,AR_Mail,Pavan,,A,apavan@mirabeltechnologies.com,,,,,,,
219,AR_Mail_Schedule_Agency_Primary_A,Karthik,,A,akarthik@mirabeltechnologies.com,,,,,,,
220,AR_Mail_Schedule_Agency_Sub_A,Shelby,,G,shelby@mirabeltechnologies.com,,,,,,,
221,AR_Mail_Schedule_Sub_A,Pavan,,A,apavan@mirabeltechnologies.com,,,,,,,
222,Tears Inc,naveen,,naveen,dnaveen@mirabeltechnologies.com,,,,,,,
223,MSP Media,Joy,,s,apavan@mirabeltechnologies.com,,,,,,,
224,,Tayyim 12,,,tayyum12@outlook.com,,,,,,,
225,Contact_24/02/25,Junk,,Sprink,apavan@mirabeltechnologies.com,church street,,Niagara Falls,,14303,AK,
226,Contact_Sub_2018,Lava,,clink,akarthik@mirabeltechnologies.com,church street,,Niagara Falls,,14303,AK,
227,Contact_ AG_Max,hercule,,era,shelby@mirabeltechnologies.com,,,,,,,
228,Contact_ Heir,Advin,,flura,pvasudha@mirabeltechnologies.com,,,,,,,
229,,ukilili,,,ukilili21@outlook.com,,,,,,,
230,RK productions,naveen,,naveen,dnaveen@mirabeltechnologies.com,,,,,,,
231,,Tina,,,tina11@outlook.com,,,,,,,
232,,Yaha,,,yaha12@outlook.com,,,,,,,
233,,test,,,test@okbg.com,,,,,,,
234,,testtttttt 123fef,,,,,,,,,,
235,,Jess,,Geraa,sprt20@outlook.com,,,,,,,
236,French layout,naveen,,naveen,dnaveen@mirabeltechnologies.com,,,,,,,
237,,TAYYAB,,,mtayyab10@lookout.com,,,,,,,
238,,Garry,,Kristen,spr20@outlook.com,,,,,,,
239,,James,,Kristen,sprt21@outlook.com,,,,,,,
240,,James,,Kristen,sprt22@outlook.com,,,,,,,
241,AR_Email_Sched_25Feb_Primary,pavan,,A,apavan@mirabeltechnologies.com,,,,,,,
242,AR_Email_Sched_25Feb_Sub,Shelby,,G,shelby@mirabeltechnologies.com,,,,,,,
243,Feb 25th Mag,Rebecca,,s,apavan@mirabeltechnologies.com,,,,,,,
244,Feb 25th Mag 2nd,Rebecca,,s,apavan@mirabeltechnologies.com,,,,,,,
245,Benflox,naveen,,naveen,dnaveen@mirabeltechnologies.com,,,,,,,
246,Minflox,naveen,,naveen,dnaveen@mirabeltechnologies.com,,,,,,,
247,Campa 1,naveen,,naveen,dnaveen@mirabeltechnologies.com,,,,,,,
248,Campa 2,naveen,,naveen,dnaveen@mirabeltechnologies.com,,,,,,,
249,Campa 3,naveen,,naveen,dnaveen@mirabeltechnologies.com,,,,,,,
250,Split custom,naveen,,naveen,dnaveen@mirabeltechnologies.com,,,,,,,
251,Dolo,naveen,,naveen,dnaveen@mirabeltechnologies.com,,,,,,,
252,Invoice Retry Case,Rebecca,,s,apavan@mirabeltechnologies.com,,,,,,,
253,Retry Media 2,Rebecca,,s,apavan@mirabeltechnologies.com,,,,,,,
254,Retry Media - Total Flow,Joy,,s,apavan@mirabeltechnologies.com,,,,,,,
255,Retry Media - last Pass,Joy,,s,akarthik@mirabeltechnologies.com,,,,,,,
256,Retry Media - Total Case Pass (3 Fail),Joy,,K,apavan@mirabeltechnologies.com,,,,,,,
257,Hit Industries,naveen,,naveen,dnaveen@mirabeltechnologies.com,,,,,,,
258,Star industries,naveen,,naveen,dnaveen@mirabeltechnologies.com,,,,,,,
259,Pacman 1,naveen,,naveen,dnaveen@mirabeltechnologies.com,,,,,,,
260,Pacman 2,naveen,,naveen,dnaveen@mirabeltechnologies.com,,,,,,,
261,Pacman 3,naveen,,naveen,dnaveen@mirabeltechnologies.com,,,,,,,
262,,Tesrecc,,,tesrecc@outlook.com,,,,,,,
263,,Resseme,,,resseme@outlook.com,,,,,,,
264,,Jacob,,,jacob21@outlook.com,,,,,,,
265,,henry,,,henry32@outlook.com,,,,,,,United States
266,,Janes,,Williams,sprt158@outlook.com,,,,,,,
267,Company Z,Conf,,Etti,thano@mirabeltechnologies.com,,,,,,,
268,On and Of Cancel,tayyab,,,bshivani@mirabeltechnologies.com,,,,,,,
269,Trial Subs,tayyab,,,bshivani@mirabeltechnologies.com,,,,,,,
270,Future sub,tayyab,,,bshivani@mirabeltechnologies.com,,,,,,,
271,Active,tayyab,,,mtayyab@mirabeltechnologies.com,,,,,,,
272,On and on Reactivation,Tayyab,,,bshivani@mirabeltechnologies.com,,,,,,,
273,On and Of,Tayyab,,,bshivani@mirabeltechnologies.com,,,,,,,
274,Of and Of,tayyab,,,mtayyab@mirabeltechnologies.com,,,,,,,
275,,shelby,,,shelby1@outlook.com,,,,,,,
276,Cancalled subs,tayyab,,,mtayyab@mirabeltechnologies.com,,,,,,,
277,Cancalled Subsr,tayyab,,,mtayyab@mirabeltechnologies.com,,,,,,,
278,,James,,C,sprt400@outlook.com,,,,,,,
279,,Shivani,,Bijji,togero6195@bankrau.com,,,,,,,
280,asd,asd,,asd,vvcc@gmail.com,,,,,,,
281,cancalled on and of,tayyab,,,mtayyab@mirabeltechnologies.com,,,,,,,
282,Week,tayyab,,,mtayyab@mirabeltechnologies.com,,,,,,,
283,,Shivanie,,B,sprt401@outlook.com,,,,,,,
284,,Henry,,Cavil,sprt404@outlook.com,,,,,,,
285,,Sheena,,S,sprt407@outlook.com,,,,,,,
286,cancs,tayyab,,,mtayyab@mirabeltechnologies.com,,,,,,,
287,,James,,C,sprt405@outlook.com,,,,,,,
288,,Jane,,S,sprt408@outlook.com,,,,,,,
289,20th Cancel 1st week,tayyab,,,mtayyab@mirabeltechnologies.com,,,,,,,
290,,tsyysb,,,tayyab1211@outlook.com,,,,,,,
291,,tayyab,,,tsyysb121@outlook.com,,,,,,,
292,,Shiv,,S,sprt4000@outlook.com,,,,,,,
293,,SHva,,S,sprt4001@outlook.com,,,,,,,
294,,Amit,,G,sprt4003@outlook.com,,,,,,,
295,League of Legends,Jinx,,,jinx@lol.com,,,,,,,
296,,Shelby,,Gera,sprt501@outlook.com,,,,,,,
297,,Shivani,,Bijji,sprt502@outlook.com,,,,,,,
298,,Shelby,,Gera,sprt504@outlook.com,,,,,,,
299,Datta - Reactivation test,test,,test,gvdsdattatreyasarma@mirabeltechnologies.com,,,,,,,
300,SaaS Magazine,Lalit,,K,bshivani@mirabeltechnologies.com,,,,,,,
301,League of Legends,Morgana,,,morgana@lol.com,,,,,,,
302,Jia Max,Ria,,K,bshivani@mirabeltechnologies.com,,,,,,,
305,Jonas Stall,Mehak,,Max,bshivani@mirabeltechnologies.com,,,,,,,
306,Ab@metered Company,Abhishek,,Bhadauria,babhisheksingh@mirabeltechnologies.com,,,,,,,
307,,SS,,,sampleshekhar@gmail.com,,,,,,,
308,,SS11,,,sampleshekhar1@gmail.com,,,,,,,
309,,Thars,,,tharks@jasoom.com,,,,,,,
310,League of Legends,Zigs,,,zigs@lol.com,,,,CA,,,United States
311,League of Legends,Teemo,,,teemo@lol.com,Address 1,,,CA,1231231,,United States
312,League of legends,Shen,,,Shen@lol.com,,,,AZ,2421113,,United States
313,CP Check,cpcheck1,,,cpcheck1@cpcheck.com,,,,IN,231321,,United States
314,,cpcheck2,,,cpcheck2@cpcheck.com,,,,AK,123123,,United States
315,,cpcheck3,,,cpcheck3@cpcheck.com,,,,AK,1231231,,United States
316,,cpcheck4,,,cpcheck4@cpcheck.com,,,,AZ,2132141,,United States
317,,cpcheck5,,,cpcheck5@cpcheck.com,,,,AZ,21313,,United States
318,,cpcheck6,,,cpcheck6@cpcheck.com,,,,GA,2131123,,United States
319,,cpcheck7,,,cpcheck7@cpcheck.com,,,,UT,231231,,United States
320,,cpcheck8,,,cpcheck8@cpcheck.com,,,,IL,213121,,United States
321,,cpcheck9,,,cpcheck9@cpcheck.com,,,,CO,21312,,United States
322,,cpcheck10,,,cpcheck10@cpcheck.com,,,,NV,121212,,United States
323,,cpcheck11,,,cpcheck11@cpcheck.com,,,,NE,213132,,United States
324,,cpcheck12,,,cpcheck12@cpcheck.com,,,,NE,321312,,United States
325,,cpcheck13,,,cpcheck13@cpcheck.com,,,,MO,1231421,,United States
326,,cpcheck14,,,cpcheck14@cpcheck.com,,,,MD,21312,,United States
327,,cpcheck15,,,cpcheck15@cpcheck.com,,,,MA,211321,,United States
328,,cpcheck16,,,cpcheck16@cpcheck.com,,,,MA,1213211,,United States
329,,cpcheck17,,,cpcheck17@cpcheck.com,,,,OR,1231212,,United States
330,,cpcheck18,,,cpcheck18@cpcheck.com,,,,MA,21231,,United States
331,,cpcheck19,,,cpcheck19@cpcheck.com,,,,UT,123121,,United States
332,,cpcheck20,,,cpcheck20@cpcheck.com,,,,MI,21313,,United States
333,,cpcheck21,,,cpcheck21@cpcheck.com,,,,OH,21321,,United States
334,,cpcheck22,,,cpcheck22@cpcheck.com,,,,UT,21231,,United States
335,Datta - GFI + Revenue,datta,,sarma,shelby@mirabeltechnologies.com,,,,,,,
336,Viliam James,James,,k,bshivani@mirabeltechnologies.com,,,,,,,
337,,James,,Cameron,jj3@outlook.com,,,,,,,
338,Datta - My test acc #1,my test acc - 1,,,,,,,,,,
339,,pjhonko - 1,,,,,,,,,,
340,,df3 t4 r4,,,,,,,,,,
341,Jia Kelvin,Jia,,,Mohin@outlook.com,,,,,,,
342,April 28th Company,Mansion,,K,bshivani@mirabeltechnologies.com,,,,,,,
343,Data Range,Tayyab,,,mtayyab@mirabeltechnologies.com,,,,,,,
344,,Testing,,,testing342@outlook.com,,,,,,,
345,,Tay,,,tayyab87@outlook.com,,,,,,,
346,,Tayy,,,tayyab32@outlook.com,,,,,,,
347,,Tayy,,,tayyab876@outlook.com,,,,,,,
348,Customer Portal Gifter,Miles,,Walker,bshivani@mirabeltechnologies.com,,,,,,,
349,,Shelby,,Gera,ps11@outlook.com,,,,,,,
350,,Jane,,Jermie,ps12@outlook.com,,,,,,,
351,,James,,P,ps13@outlook.com,,,,,,,
352,,Gerald,,,pas41@outlook.com,,,,,,,
353,James Company,Hari,,,Hano9@outlook.com,,,,,,,
354,,James,,H,pas66@outlook.com,,,,,,,
355,Max company  Per,Hari,,k,bshivani@mirabeltechnologies.com,,,,,,,
356,Selva Company,John,,,neil90@outlook.com,,,,,,,
357,,qas,,,qas123@gmail.com,,,,,,,
358,,Carrey,,James,pass1@outlook.com,,,,,,,
359,,Alex,,Carry,pass3@outlook.com,,,,,,,
360,,Alex,,Carry,pass4@outlook.com,,,,,,,
361,,Alex,,Carry,pass5@outlook.com,,,,,,,
362,Image,Tayys,,,bshivani@mirabeltechnologies.com,,,,,,,
363,Jess Customer Portal,Shelby,,G,shelby@mirabeltechnologies.com,,,,,,,
364,Test Mirabel,Tayyab,,,mtayyab@mirabeltechnologies.com,,,,,,,
365,,Sherlock,,James,pass11@outlook.com,,,,,,,
366,,James,,Harry,pass12@outlook.com,,,,,,,
367,,Carrey,,Karen,pass13@outlook.com,,,,,,,
368,,Hanok,,S,pass14@outlook.com,,,,,,,
369,,Shivani,,Bijji,pass17@outlook.com,,,,,,,
370,Priority Coupon,Sana,,K,bshivani@mirabeltechnologies.com,,,,,,,
371,Shelby Customer Portal,Shelby,,G,shelby@mirabeltechnologies.com,,,,,,,
372,AB Company,Abhishek,,Bhadauria,babhisheksingh@mirabeltechnologies.com,,,,,,,
373,Mirabel @ 123,Tayyab,,,shelby@mirabeltechnologies.com,123,666,Edna Bay,AK,99950,33,United States
374,,James,,Cameron,pass20@outlook.com,,,,,,,
375,,James,,Cameron,pass21@outlook.com,,,,,,,
376,,James,,C,pass31@outlook.com,,,,,,,
377,,Amit,,G,pass40@outlook.com,,,,,,,
378,AB - Test Coupons & Addons,Abhishek,,Bhadauria,babhisheksingh@mirabeltechnologies.com,,,,,,,
379,T Coupon Test,tayyab,,,mtayyab@mirabeltechnologies.com,,,,,,,
380,,zxcd,,vg,yhu@gmail.com,,,,,,,
381,,cas,,,tyh@gmail.com,,,,,,,
382,,nmxz,,mnc,bha@gmail.com,,,,,,,
383,,vbm,,,tnj@gmail.com,,,,,,,
384,,asd,,asd,pla@gmail.com,,,,,,,
385,,asd,,,qa@gmail.com,,,,,,,
386,,cvb,,,plk@gmail.com,,,,,,,
387,,Daam dishk,,,,,,,,,,
388,,asda,,,qwe@gmail.com,,,,,,,
389,,daam dhishk - 2,,,,,,,,,,
390,,daam dhishk - 3,,,,,,,,,,
391,,daam dhishk - 4.b,,,,,,,,,,
392,,dhaam dhsik - 5.1,,,,,,,,,,
393,,dhaam dhisk - 5.1,,,,,,,,,,
394,,asd,,,qas12@gmail.com,,,,,,,
395,True Black Inc,Gera,,Shelby,pass100@outlook.com,,,,,,,
396,,Rubhan,,C,pass101@outlook.com,,,,,,,
397,,Harry,,Potter,pass103@outlook.com,,,,,,,
398,,Sheena,,S,pass105@outlook.com,,,,,,,
399,,Shane,,Watson,pass106@outlook.com,,,,,,,
400,,Jane,,Siaa,pass107@outlook.com,,,,,,,
401,ManageEngine,Abhishek,,Bhadauria,babhisheksingh@mirabeltechnologies.com,,,,,,,
402,,zxca,,,a1m@gmail.com,,,,,,,
403,test 333,,,,apavan@mirabeltechnologies.com,church street,,Niagara Falls,,14303,AK,
404,Contact - gam - 009,spaj,,hjff,apavan@mirabeltechnologies.com,church street,,Niagara Falls,,14303,AK,
405,Datta - test fgefg,datta,,test,gvdsdattatreyasarma@mirabeltechnologies.com,,,,,,,
406,CB Side,tayyab,,,mtayyab@mirabeltechnologies.com,,,,,,,
407,CB Week,tayyab,,,bshivani@mirabeltechnologies.com,,,,,,,
408,Month,tayyab,,,bshivani@mirabeltechnologies.com,,,,,,,
409,Yearly,tayyab,,,mtayyab@mirabeltechnologies.com,,,,,,,
410,cancel subs,tayyab,,,mtayyab@mirabeltechnologies.com,,,,,,,
411,Google Mart,Sabir,,K,bshivani@mirabeltechnologies.com,,,,,,,
412,THe Extention,Tayyab,,,mtayyab@mirabeltechnologies.com,,,,,,,
413,,Bhadauria,,,bhadauria23@outlook.com,,,,,,,
414,Imports subs,tayyab,,,mtayyab@mirabeltechnologies.com,,,,,,,
415,Wink Master,Lalith,,K,bshivani@mirabeltechnologies.com,,,,,,,
416,Zara Sheltar,Zara,,f,neil809@outlook.com,,,,,,,
417,M Tech,Bella,,s,hani8@outlook.com,,,,,,,
418,,test,,,kmcb@ok.com,,,,,,,
419,Importas 19th,gtayab,,,asuryakanth@mirabeltechnologies.com,,,,,,,
420,Zoom Bella,Mexica,,M,bshivani@mirabeltechnologies.com,,,,,,,
421,Contact - 23/05/25,Spark,,Web,apavan@mirabeltechnologies.com,church street,,Niagara Falls,,14303,AK,
422,SP Transaction Report,Shelby,,G,shelby@mirabeltechnologies.com,,,,,,,
423,Celina Context,Zuva,,M,mtayyab@mirabeltechnologies.com,,,,,,,
424,New Billing Cycle,tayyab,,,mtayyab@mirabeltechnologies.com,,,,,,,
425,Import,tayyab,,,mtayyab@mirabeltechnologies.com,,,,,,,
426,Test1,tayyab,,,mtayyab@mirabeltechnologies.com,,,,,,,
427,shivani company,tayyab,,,mtayyab@mirabeltechnologies.com,,,,,,,
428,Credit Decode,Hana,,Joy,bshivani@mirabeltechnologies.com,,,,,,,
429,Printer,tayyab,,,bshivani@mirabeltechnologies.com,,,,,,,
430,Imports,tayyb,,,bshivani@mirabeltechnologies.com,,,,,,,
431,,bhn,,,bh@gmail.com,,,,,,,
432,,deepak 999,,,deepak999@gmail.com,,,,,,,
433,,deepak 99,,,deepak99@gmail.com,,,,,,,
434,,deepak 88,,,deepak88@gmail.com,,,,,,,
435,,deepak 77,,,deepak77@gmail.com,,,,,,,
436,,deepak 66,,,deepak66@gmail.com,,,,,,,
437,test cc contact,test,,cc,ddeepak@mirabeltechnologies.com,,,,,,,
438,date - 28th,tayyab,,,mtayyab@mirabeltechnologies.com,,,,,,,
439,,Avinash,,,afg@gmail.com,,,,,,,
440,,Datta,,V,ak@gmail.com,7045 East Bridge Street Fresh,,Newyork,AR,11365,,
441,Neil Credits,Uvi,,Chawal,bshivani@mirabeltechnologies.com,,,,,,,
442,Shelby1 Contact,Shelby,,G,shelby@mirabeltechnologies.com,,,,,,,
443,,Helena,,S,jessg50@outlook.com,,,,,,,
444,Future Subscription,tayyab,,,mtayyab@mirabeltechnologies.com,,,,,,,
445,nnj,m m,,n,bhn123@gmail.com,,,,,,,
446,asd,asdas,,asd,azs@gmail.com,,,,,,,
447,yakuja test co,yakuja,,test,yakuja23@outlook.com,,,,,,,
448,Tamper,Kyla,,K,bshivani2mirabeltechnologies.com,w,r,r,a,78654,,s
449,,Ramani,,Bijji,jessg100@outlook.com,,,,,,,
450,,Shane,,Gifter,jessg101@outlook.com,,,,,,,
451,,Gera,,Comp,jessg102@outlook.com,,,,,,,
452,American Stocks,Elizabeth,,S,shelby@mirabeltechnologies.com,,,,,,,
453,,James,,S,sbrb1@outlook.com,,,,,,,
454,,Helena,,S,sbrb2@outlook.com,,,,,,,
455,,test,,,test00001@gmail.com,,,,,,,
456,Aditi Customer pportal,Aditi,,jain,jaditi@mirabeltechnologies.com,,,,,,,
457,Tina KT  Company 1.8,David,,q,bshivani@mirabeltechnologies.com,,,,,,,
458,,hib,,,asd@asdaioq.qw,,,,,,,
459,,hib,,,asd@asdaios.qw,,,,,,,
461,,alan,,,alan11@outlook.com,,,,,,,
462,Test QA,Ramani,,B,bshivani@mirabeltechnologies.com,,,,,,,
463,Build Static,Ria,,M,bshivani@mirabeltechnologies.com,,,,,,,
464,,test,,T,Jackob12@outlook.com,,,,,,,
465,Hano,Hno,,K,Hano@outlook.com,bvg,j,c,k,k9876,,v
466,Orange Subway,Surya,,P,bshivani@mirabeltechnologies.com,,,,,,,
467,Urgent Renew,tayyab,,,mtayyab@mirabeltechnologies.com,,,,,,,
468,Prison Malti,Malti,,John,bshivani@mirabeltechnologies.com,,,,,,,
469,Import dates,tayyab,,,mtayyab@mirabeltechnologies.com,,,,,,,
470,Link  Coupon test,Abhishek,,Bhadauria,babhisheksingh@mirabeltechnologies.com,,,,,,,
471,imp,,,,bshivani@mirabeltechnologies.com,,,,,,,
